TFGMyx5yNxNiWWASvSk7ChuWrsU6iGabpp,8
TFGMyx5yNxNiWWASvSk7ChuWrsU6iGabpp,8
TFGMyx5yNxNiWWASvSk7ChuWrsU6iGabpp,8
TFGMyx5yNxNiWWASvSk7ChuWrsU6iGabpp,8
TFGMyx5yNxNiWWASvSk7ChuWrsU6iGabpp,8
THwwAEbZ6QheEuaHDvMWhXjkNQEQTzMmSS,18
THwwAEbZ6QheEuaHDvMWhXjkNQEQTzMmSS,18
THwwAEbZ6QheEuaHDvMWhXjkNQEQTzMmSS,18
THwwAEbZ6QheEuaHDvMWhXjkNQEQTzMmSS,18
THwwAEbZ6QheEuaHDvMWhXjkNQEQTzMmSS,18
TDsRMPJRqnLZgiNJouwes4oBDqGqByT8PP,88
TDsRMPJRqnLZgiNJouwes4oBDqGqByT8PP,88
TDsRMPJRqnLZgiNJouwes4oBDqGqByT8PP,88
TDsRMPJRqnLZgiNJouwes4oBDqGqByT8PP,88
TDsRMPJRqnLZgiNJouwes4oBDqGqByT8PP,88
THgP7Pn9BbzffXhD1Fc4D1iLNrVe1wmauu,198
THgP7Pn9BbzffXhD1Fc4D1iLNrVe1wmauu,198
THgP7Pn9BbzffXhD1Fc4D1iLNrVe1wmauu,198
THgP7Pn9BbzffXhD1Fc4D1iLNrVe1wmauu,198
THgP7Pn9BbzffXhD1Fc4D1iLNrVe1wmauu,198
TLzyegaK9ChoTav5g4GLADRDEuLAtV3Wtt,222
TLzyegaK9ChoTav5g4GLADRDEuLAtV3Wtt,222
TLzyegaK9ChoTav5g4GLADRDEuLAtV3Wtt,222
TLzyegaK9ChoTav5g4GLADRDEuLAtV3Wtt,222
TLzyegaK9ChoTav5g4GLADRDEuLAtV3Wtt,222
TKJzV9agqG5JGJ9SaQoQmyxZACx9pjXBJJ,291
TKJzV9agqG5JGJ9SaQoQmyxZACx9pjXBJJ,291
TKJzV9agqG5JGJ9SaQoQmyxZACx9pjXBJJ,291
TKJzV9agqG5JGJ9SaQoQmyxZACx9pjXBJJ,291
TKJzV9agqG5JGJ9SaQoQmyxZACx9pjXBJJ,291
TLUrkuPZ2rav796HYPpqguWB8qh2jmPgCC,354
TLUrkuPZ2rav796HYPpqguWB8qh2jmPgCC,354
TLUrkuPZ2rav796HYPpqguWB8qh2jmPgCC,354
TKRb3jAXMsMeKMUM5FghxvTEJeChw4ZjEE,366
TLUrkuPZ2rav796HYPpqguWB8qh2jmPgCC,354
TLUrkuPZ2rav796HYPpqguWB8qh2jmPgCC,354
TKRb3jAXMsMeKMUM5FghxvTEJeChw4ZjEE,366
TKRb3jAXMsMeKMUM5FghxvTEJeChw4ZjEE,366
TKRb3jAXMsMeKMUM5FghxvTEJeChw4ZjEE,366
TKRb3jAXMsMeKMUM5FghxvTEJeChw4ZjEE,366
TWiyy65i6AQ663EFtCk1nvHPoDsifKvQii,412
TWiyy65i6AQ663EFtCk1nvHPoDsifKvQii,412
TWiyy65i6AQ663EFtCk1nvHPoDsifKvQii,412
TWiyy65i6AQ663EFtCk1nvHPoDsifKvQii,412
TWiyy65i6AQ663EFtCk1nvHPoDsifKvQii,412
THSQ6EjG4UZZrL59eErTzfiwXjL9RnMp22,501
THSQ6EjG4UZZrL59eErTzfiwXjL9RnMp22,501
THSQ6EjG4UZZrL59eErTzfiwXjL9RnMp22,501
THSQ6EjG4UZZrL59eErTzfiwXjL9RnMp22,501
THSQ6EjG4UZZrL59eErTzfiwXjL9RnMp22,501
TEoea8NZ6eP4fkee8WBDdDGxu7ZFaMsSXX,514
TEoea8NZ6eP4fkee8WBDdDGxu7ZFaMsSXX,514
TEoea8NZ6eP4fkee8WBDdDGxu7ZFaMsSXX,514
TEoea8NZ6eP4fkee8WBDdDGxu7ZFaMsSXX,514
TEoea8NZ6eP4fkee8WBDdDGxu7ZFaMsSXX,514
TVbLMycvDiuNNZMWPndfFXNvTYexXi6YRR,542
TVbLMycvDiuNNZMWPndfFXNvTYexXi6YRR,542
TVbLMycvDiuNNZMWPndfFXNvTYexXi6YRR,542
TVbLMycvDiuNNZMWPndfFXNvTYexXi6YRR,542
TLjBUGbiQF8T8a56z4H6bQurm9Bxfziuvv,545
TLjBUGbiQF8T8a56z4H6bQurm9Bxfziuvv,545
TLjBUGbiQF8T8a56z4H6bQurm9Bxfziuvv,545
TLjBUGbiQF8T8a56z4H6bQurm9Bxfziuvv,545
TVbLMycvDiuNNZMWPndfFXNvTYexXi6YRR,542
TLjBUGbiQF8T8a56z4H6bQurm9Bxfziuvv,545
TQDaVUFdd8NFB9ZtpPqWoiMgy4qszaYaee,629
TQDaVUFdd8NFB9ZtpPqWoiMgy4qszaYaee,629
TQDaVUFdd8NFB9ZtpPqWoiMgy4qszaYaee,629
TQDaVUFdd8NFB9ZtpPqWoiMgy4qszaYaee,629
TQDaVUFdd8NFB9ZtpPqWoiMgy4qszaYaee,629
TDdN6XH9CKQBghgNefE1DHabUY5gpqbL22,687
TDdN6XH9CKQBghgNefE1DHabUY5gpqbL22,687
TDdN6XH9CKQBghgNefE1DHabUY5gpqbL22,687
TDdN6XH9CKQBghgNefE1DHabUY5gpqbL22,687
TDdN6XH9CKQBghgNefE1DHabUY5gpqbL22,687
TBmhLcMHNuVwWmZz3pwAcKxoUg7o3cVKnn,752
TDBZkoyv7KeNTqDoSe6xwT9rica23JH455,754
TBmhLcMHNuVwWmZz3pwAcKxoUg7o3cVKnn,752
TBmhLcMHNuVwWmZz3pwAcKxoUg7o3cVKnn,752
TDBZkoyv7KeNTqDoSe6xwT9rica23JH455,754
TDBZkoyv7KeNTqDoSe6xwT9rica23JH455,754
TBmhLcMHNuVwWmZz3pwAcKxoUg7o3cVKnn,752
TDBZkoyv7KeNTqDoSe6xwT9rica23JH455,754
TBmhLcMHNuVwWmZz3pwAcKxoUg7o3cVKnn,752
TDBZkoyv7KeNTqDoSe6xwT9rica23JH455,754
TXSS4Lkyj4foDtupruKmr6mqtpVJocoK77,792
TFZ3NGpkf9ECs3kroZmTw4C4xFhjHP2eXX,800
TXSS4Lkyj4foDtupruKmr6mqtpVJocoK77,792
TXSS4Lkyj4foDtupruKmr6mqtpVJocoK77,792
TXSS4Lkyj4foDtupruKmr6mqtpVJocoK77,792
TXSS4Lkyj4foDtupruKmr6mqtpVJocoK77,792
TFZ3NGpkf9ECs3kroZmTw4C4xFhjHP2eXX,800
TFZ3NGpkf9ECs3kroZmTw4C4xFhjHP2eXX,800
TFZ3NGpkf9ECs3kroZmTw4C4xFhjHP2eXX,800
TFZ3NGpkf9ECs3kroZmTw4C4xFhjHP2eXX,800
TFWnHNLopDMWFAGTumgjDR3SYT9SctrB11,952
TFWnHNLopDMWFAGTumgjDR3SYT9SctrB11,952
TFWnHNLopDMWFAGTumgjDR3SYT9SctrB11,952
TFWnHNLopDMWFAGTumgjDR3SYT9SctrB11,952
TFWnHNLopDMWFAGTumgjDR3SYT9SctrB11,952
TC37hWTSVz4XJxVyHBLUZnt7RKEMfNkjpp,1000
TC37hWTSVz4XJxVyHBLUZnt7RKEMfNkjpp,1000
TC37hWTSVz4XJxVyHBLUZnt7RKEMfNkjpp,1000
TC37hWTSVz4XJxVyHBLUZnt7RKEMfNkjpp,1000
TC37hWTSVz4XJxVyHBLUZnt7RKEMfNkjpp,1000
TBsH2qXaDtjqC972DNyCmVPhRHaEfiNU88,1129
TWvRZhdip46LUYYJVQmciA1NXk7rnaiUTT,1143
TBsH2qXaDtjqC972DNyCmVPhRHaEfiNU88,1129
TBsH2qXaDtjqC972DNyCmVPhRHaEfiNU88,1129
TBsH2qXaDtjqC972DNyCmVPhRHaEfiNU88,1129
TBsH2qXaDtjqC972DNyCmVPhRHaEfiNU88,1129
TRrqjnRr39qzgv6C4JpGcJjQtgAxKyu5kk,1159
TWvRZhdip46LUYYJVQmciA1NXk7rnaiUTT,1143
TWvRZhdip46LUYYJVQmciA1NXk7rnaiUTT,1143
TWvRZhdip46LUYYJVQmciA1NXk7rnaiUTT,1143
TWvRZhdip46LUYYJVQmciA1NXk7rnaiUTT,1143
TRrqjnRr39qzgv6C4JpGcJjQtgAxKyu5kk,1159
TRrqjnRr39qzgv6C4JpGcJjQtgAxKyu5kk,1159
TRrqjnRr39qzgv6C4JpGcJjQtgAxKyu5kk,1159
TRrqjnRr39qzgv6C4JpGcJjQtgAxKyu5kk,1159
TGRQE6K9RnxPRM2c3fUxW1E4RtpMN1wirr,1256
TGRQE6K9RnxPRM2c3fUxW1E4RtpMN1wirr,1256
TWZoUW17AfV5w5xbJjHYavnyC9exfthv99,1274
TGRQE6K9RnxPRM2c3fUxW1E4RtpMN1wirr,1256
TGRQE6K9RnxPRM2c3fUxW1E4RtpMN1wirr,1256
TWZoUW17AfV5w5xbJjHYavnyC9exfthv99,1274
TGRQE6K9RnxPRM2c3fUxW1E4RtpMN1wirr,1256
TY6grreUCghkU8ds2nvqFip5p9pVzQbmWW,1296
TWZoUW17AfV5w5xbJjHYavnyC9exfthv99,1274
TWZoUW17AfV5w5xbJjHYavnyC9exfthv99,1274
TY6grreUCghkU8ds2nvqFip5p9pVzQbmWW,1296
TPVswNMvi7DGpD7j1JtwqZF5Sq5Uopwc55,1311
TWZoUW17AfV5w5xbJjHYavnyC9exfthv99,1274
TY6grreUCghkU8ds2nvqFip5p9pVzQbmWW,1296
TPVswNMvi7DGpD7j1JtwqZF5Sq5Uopwc55,1311
TY6grreUCghkU8ds2nvqFip5p9pVzQbmWW,1296
TPVswNMvi7DGpD7j1JtwqZF5Sq5Uopwc55,1311
TY6grreUCghkU8ds2nvqFip5p9pVzQbmWW,1296
TPVswNMvi7DGpD7j1JtwqZF5Sq5Uopwc55,1311
TPVswNMvi7DGpD7j1JtwqZF5Sq5Uopwc55,1311
TXtcJZkzhGFyJ9ToNMundvJGtacwT3ENww,1343
TXtcJZkzhGFyJ9ToNMundvJGtacwT3ENww,1343
TXtcJZkzhGFyJ9ToNMundvJGtacwT3ENww,1343
TXtcJZkzhGFyJ9ToNMundvJGtacwT3ENww,1343
TF7rDbPaoYouLfF5q7rtZ5THHbgAr3h1ii,1371
TF7rDbPaoYouLfF5q7rtZ5THHbgAr3h1ii,1371
TXtcJZkzhGFyJ9ToNMundvJGtacwT3ENww,1343
TF7rDbPaoYouLfF5q7rtZ5THHbgAr3h1ii,1371
TF7rDbPaoYouLfF5q7rtZ5THHbgAr3h1ii,1371
TFfFDsFsmjo7ptDYMXQkoc12NUz29mx3ee,1398
TFfFDsFsmjo7ptDYMXQkoc12NUz29mx3ee,1398
TF7rDbPaoYouLfF5q7rtZ5THHbgAr3h1ii,1371
TFfFDsFsmjo7ptDYMXQkoc12NUz29mx3ee,1398
TFfFDsFsmjo7ptDYMXQkoc12NUz29mx3ee,1398
TFfFDsFsmjo7ptDYMXQkoc12NUz29mx3ee,1398
TLN6uiN54UYKJxqZyxmoev3PzC7taX87ww,1428
TLN6uiN54UYKJxqZyxmoev3PzC7taX87ww,1428
TLN6uiN54UYKJxqZyxmoev3PzC7taX87ww,1428
TLN6uiN54UYKJxqZyxmoev3PzC7taX87ww,1428
TLN6uiN54UYKJxqZyxmoev3PzC7taX87ww,1428
TJLwSQfcPtK2jULu1coqQusk7nr1KeX399,1638
TJLwSQfcPtK2jULu1coqQusk7nr1KeX399,1638
TJLwSQfcPtK2jULu1coqQusk7nr1KeX399,1638
TJLwSQfcPtK2jULu1coqQusk7nr1KeX399,1638
TX4qsqxKcTaJ75L1dNdneSpHsRiqSKRXdd,1663
TX4qsqxKcTaJ75L1dNdneSpHsRiqSKRXdd,1663
TJLwSQfcPtK2jULu1coqQusk7nr1KeX399,1638
TX4qsqxKcTaJ75L1dNdneSpHsRiqSKRXdd,1663
TX4qsqxKcTaJ75L1dNdneSpHsRiqSKRXdd,1663
TX4qsqxKcTaJ75L1dNdneSpHsRiqSKRXdd,1663
TCUpYDZWCSKuPMsHQtfMvWMnmthcnWg4jj,1788
TCUpYDZWCSKuPMsHQtfMvWMnmthcnWg4jj,1788
TVB7tkSPMUYC62bmhgqRbFrCTPbFadhKgg,1798
TCUpYDZWCSKuPMsHQtfMvWMnmthcnWg4jj,1788
TVB7tkSPMUYC62bmhgqRbFrCTPbFadhKgg,1798
TCUpYDZWCSKuPMsHQtfMvWMnmthcnWg4jj,1788
TVB7tkSPMUYC62bmhgqRbFrCTPbFadhKgg,1798
TVB7tkSPMUYC62bmhgqRbFrCTPbFadhKgg,1798
TCUpYDZWCSKuPMsHQtfMvWMnmthcnWg4jj,1788
TVB7tkSPMUYC62bmhgqRbFrCTPbFadhKgg,1798
TPng3VPP3Cfrm6XAKJ5iWMgPE1xq6HQHWW,1886
TTc9CrJiRRAWAEFZya5sZpMiYQs7jmzZnn,1887
TPng3VPP3Cfrm6XAKJ5iWMgPE1xq6HQHWW,1886
TTyho3jmhuh9FctPEw2AqGR7x1SBKf3NDD,1901
TPng3VPP3Cfrm6XAKJ5iWMgPE1xq6HQHWW,1886
TTc9CrJiRRAWAEFZya5sZpMiYQs7jmzZnn,1887
TTc9CrJiRRAWAEFZya5sZpMiYQs7jmzZnn,1887
TPng3VPP3Cfrm6XAKJ5iWMgPE1xq6HQHWW,1886
TTc9CrJiRRAWAEFZya5sZpMiYQs7jmzZnn,1887
TTyho3jmhuh9FctPEw2AqGR7x1SBKf3NDD,1901
TTyho3jmhuh9FctPEw2AqGR7x1SBKf3NDD,1901
TTyho3jmhuh9FctPEw2AqGR7x1SBKf3NDD,1901
TNT8LygBJJ7ec3DDhJ9qxQC52hhPUj8Rtt,1926
TPng3VPP3Cfrm6XAKJ5iWMgPE1xq6HQHWW,1886
TTc9CrJiRRAWAEFZya5sZpMiYQs7jmzZnn,1887
TTyho3jmhuh9FctPEw2AqGR7x1SBKf3NDD,1901
TNT8LygBJJ7ec3DDhJ9qxQC52hhPUj8Rtt,1926
TNT8LygBJJ7ec3DDhJ9qxQC52hhPUj8Rtt,1926
TNT8LygBJJ7ec3DDhJ9qxQC52hhPUj8Rtt,1926
TNT8LygBJJ7ec3DDhJ9qxQC52hhPUj8Rtt,1926
TJddSrstwLLoZ4D9gEFupphhVe33qzG3oo,1973
TJddSrstwLLoZ4D9gEFupphhVe33qzG3oo,1973
TJddSrstwLLoZ4D9gEFupphhVe33qzG3oo,1973
TJddSrstwLLoZ4D9gEFupphhVe33qzG3oo,1973
TXn99nR4vnZmgw63qYykLv9t67Dw8mEVpp,2016
TJddSrstwLLoZ4D9gEFupphhVe33qzG3oo,1973
TXn99nR4vnZmgw63qYykLv9t67Dw8mEVpp,2016
TXn99nR4vnZmgw63qYykLv9t67Dw8mEVpp,2016
TXn99nR4vnZmgw63qYykLv9t67Dw8mEVpp,2016
TXn99nR4vnZmgw63qYykLv9t67Dw8mEVpp,2016
TMcEgbZrQJ3TUBM7ocxR9kPU6Pk8H2QQee,2128
TE2JPGYdnHVTqNtMGT9yiLU1ZUtRDVwsuu,2149
TMcEgbZrQJ3TUBM7ocxR9kPU6Pk8H2QQee,2128
TMcEgbZrQJ3TUBM7ocxR9kPU6Pk8H2QQee,2128
TMcEgbZrQJ3TUBM7ocxR9kPU6Pk8H2QQee,2128
TE2JPGYdnHVTqNtMGT9yiLU1ZUtRDVwsuu,2149
TMcEgbZrQJ3TUBM7ocxR9kPU6Pk8H2QQee,2128
TE2JPGYdnHVTqNtMGT9yiLU1ZUtRDVwsuu,2149
TE2JPGYdnHVTqNtMGT9yiLU1ZUtRDVwsuu,2149
TE2JPGYdnHVTqNtMGT9yiLU1ZUtRDVwsuu,2149
TDNBt1Rc3akKei3g5quZLtkjoKnwFvzFvv,2268
TCcFLa4qdr2wjwp59U8QmNTCbYdovT5J77,2278
TH5G9xFKAG7ihWHvz13Uc6UL8Z6tEPSAvv,2299
TDNBt1Rc3akKei3g5quZLtkjoKnwFvzFvv,2268
TDNBt1Rc3akKei3g5quZLtkjoKnwFvzFvv,2268
TDNBt1Rc3akKei3g5quZLtkjoKnwFvzFvv,2268
TKSSCpZkLnRnpJiDeqF1DiPgq1fuFjKu44,2315
TCcFLa4qdr2wjwp59U8QmNTCbYdovT5J77,2278
TDNBt1Rc3akKei3g5quZLtkjoKnwFvzFvv,2268
TCcFLa4qdr2wjwp59U8QmNTCbYdovT5J77,2278
TCcFLa4qdr2wjwp59U8QmNTCbYdovT5J77,2278
TCcFLa4qdr2wjwp59U8QmNTCbYdovT5J77,2278
TH5G9xFKAG7ihWHvz13Uc6UL8Z6tEPSAvv,2299
TH5G9xFKAG7ihWHvz13Uc6UL8Z6tEPSAvv,2299
TH5G9xFKAG7ihWHvz13Uc6UL8Z6tEPSAvv,2299
TH5G9xFKAG7ihWHvz13Uc6UL8Z6tEPSAvv,2299
TKSSCpZkLnRnpJiDeqF1DiPgq1fuFjKu44,2315
TKSSCpZkLnRnpJiDeqF1DiPgq1fuFjKu44,2315
TKSSCpZkLnRnpJiDeqF1DiPgq1fuFjKu44,2315
TKSSCpZkLnRnpJiDeqF1DiPgq1fuFjKu44,2315
TAz8MK6nXWyYE8sN4kC9XqtZRGxWAXZ2HH,2412
TAz8MK6nXWyYE8sN4kC9XqtZRGxWAXZ2HH,2412
TAz8MK6nXWyYE8sN4kC9XqtZRGxWAXZ2HH,2412
TAz8MK6nXWyYE8sN4kC9XqtZRGxWAXZ2HH,2412
TAz8MK6nXWyYE8sN4kC9XqtZRGxWAXZ2HH,2412
TUQrWAWNXTt7ZeNZFQF3Mqv5VeRLz2oDvv,2476
TUQrWAWNXTt7ZeNZFQF3Mqv5VeRLz2oDvv,2476
TUQrWAWNXTt7ZeNZFQF3Mqv5VeRLz2oDvv,2476
TUQrWAWNXTt7ZeNZFQF3Mqv5VeRLz2oDvv,2476
TUQrWAWNXTt7ZeNZFQF3Mqv5VeRLz2oDvv,2476
TP4AfKU2XRf5S6qGePfpcMdcFKPkz3ALAA,2591
TP4AfKU2XRf5S6qGePfpcMdcFKPkz3ALAA,2591
TP4AfKU2XRf5S6qGePfpcMdcFKPkz3ALAA,2591
TP4AfKU2XRf5S6qGePfpcMdcFKPkz3ALAA,2591
TP4AfKU2XRf5S6qGePfpcMdcFKPkz3ALAA,2591
TLaTvJj9deKGS81d6DqJ8n9Z3vmv4KmFaa,2732
TLaTvJj9deKGS81d6DqJ8n9Z3vmv4KmFaa,2732
TLaTvJj9deKGS81d6DqJ8n9Z3vmv4KmFaa,2732
TLaTvJj9deKGS81d6DqJ8n9Z3vmv4KmFaa,2732
TWYtEN8unjMrc38fuqHuCUdk7awhpoAdrr,2789
TLaTvJj9deKGS81d6DqJ8n9Z3vmv4KmFaa,2732
TBDckrrMo367qe3vUxZBEu4tKE8hbj98ZZ,2816
TQVrHHYCoNznkijHz7iW6UoCtUhxRiQYTT,2822
TKTcYTERECDgpMcFfawpTf3QbN1HRAWhyy,2833
TWYtEN8unjMrc38fuqHuCUdk7awhpoAdrr,2789
TWYtEN8unjMrc38fuqHuCUdk7awhpoAdrr,2789
TWYtEN8unjMrc38fuqHuCUdk7awhpoAdrr,2789
TWYtEN8unjMrc38fuqHuCUdk7awhpoAdrr,2789
TBDckrrMo367qe3vUxZBEu4tKE8hbj98ZZ,2816
TBDckrrMo367qe3vUxZBEu4tKE8hbj98ZZ,2816
TBDckrrMo367qe3vUxZBEu4tKE8hbj98ZZ,2816
TQVrHHYCoNznkijHz7iW6UoCtUhxRiQYTT,2822
TQVrHHYCoNznkijHz7iW6UoCtUhxRiQYTT,2822
TQVrHHYCoNznkijHz7iW6UoCtUhxRiQYTT,2822
TKTcYTERECDgpMcFfawpTf3QbN1HRAWhyy,2833
TKTcYTERECDgpMcFfawpTf3QbN1HRAWhyy,2833
TKTcYTERECDgpMcFfawpTf3QbN1HRAWhyy,2833
TBDckrrMo367qe3vUxZBEu4tKE8hbj98ZZ,2816
TQVrHHYCoNznkijHz7iW6UoCtUhxRiQYTT,2822
TKTcYTERECDgpMcFfawpTf3QbN1HRAWhyy,2833
TMfC44vjJXvqieZXy6JaxAhKF4HfqYXYtt,2918
TMfC44vjJXvqieZXy6JaxAhKF4HfqYXYtt,2918
TMfC44vjJXvqieZXy6JaxAhKF4HfqYXYtt,2918
TMfC44vjJXvqieZXy6JaxAhKF4HfqYXYtt,2918
TMfC44vjJXvqieZXy6JaxAhKF4HfqYXYtt,2918
TXRmZgizDngWWm641FqbYZaa7ezS5sc8HH,2996
TXRmZgizDngWWm641FqbYZaa7ezS5sc8HH,2996
TXRmZgizDngWWm641FqbYZaa7ezS5sc8HH,2996
TXRmZgizDngWWm641FqbYZaa7ezS5sc8HH,2996
TUQDzMem2vdNXZ1Rx45dzUQUehcSvZ8r55,3060
TXRmZgizDngWWm641FqbYZaa7ezS5sc8HH,2996
TUQDzMem2vdNXZ1Rx45dzUQUehcSvZ8r55,3060
TUQDzMem2vdNXZ1Rx45dzUQUehcSvZ8r55,3060
TUQDzMem2vdNXZ1Rx45dzUQUehcSvZ8r55,3060
TUQDzMem2vdNXZ1Rx45dzUQUehcSvZ8r55,3060
TJje8zNQxFZD9i2CcTNnBWoCh8aaND9mXX,3130
TVpY6JKkR3df8gWKdafdZimLhLPZutkPaa,3151
TJje8zNQxFZD9i2CcTNnBWoCh8aaND9mXX,3130
TJje8zNQxFZD9i2CcTNnBWoCh8aaND9mXX,3130
TJje8zNQxFZD9i2CcTNnBWoCh8aaND9mXX,3130
TJje8zNQxFZD9i2CcTNnBWoCh8aaND9mXX,3130
TVpY6JKkR3df8gWKdafdZimLhLPZutkPaa,3151
TVpY6JKkR3df8gWKdafdZimLhLPZutkPaa,3151
TVpY6JKkR3df8gWKdafdZimLhLPZutkPaa,3151
TVpY6JKkR3df8gWKdafdZimLhLPZutkPaa,3151
TC3St9mCXZzqj82MvKvoFYQm6NcFdCs566,3264
TC3St9mCXZzqj82MvKvoFYQm6NcFdCs566,3264
TC3St9mCXZzqj82MvKvoFYQm6NcFdCs566,3264
TC3St9mCXZzqj82MvKvoFYQm6NcFdCs566,3264
TC3St9mCXZzqj82MvKvoFYQm6NcFdCs566,3264
TPyAcQnLVwce59nwee9QzcxViurgsxcvpp,3360
TPyAcQnLVwce59nwee9QzcxViurgsxcvpp,3360
TPyAcQnLVwce59nwee9QzcxViurgsxcvpp,3360
TPyAcQnLVwce59nwee9QzcxViurgsxcvpp,3360
TPyAcQnLVwce59nwee9QzcxViurgsxcvpp,3360
TGQcg8MTqAMmR5MiK4H2zFzGX9Cc7sjwTT,3458
TGQcg8MTqAMmR5MiK4H2zFzGX9Cc7sjwTT,3458
TGQcg8MTqAMmR5MiK4H2zFzGX9Cc7sjwTT,3458
TGQcg8MTqAMmR5MiK4H2zFzGX9Cc7sjwTT,3458
TGQcg8MTqAMmR5MiK4H2zFzGX9Cc7sjwTT,3458
TSV4kkpwnq31M3ZXpcBKWA6iT4Rnn1yfZZ,3525
TVFDiRhx8B73BzMmJVripJagJsLqJJVATT,3543
TSV4kkpwnq31M3ZXpcBKWA6iT4Rnn1yfZZ,3525
TSV4kkpwnq31M3ZXpcBKWA6iT4Rnn1yfZZ,3525
TSV4kkpwnq31M3ZXpcBKWA6iT4Rnn1yfZZ,3525
TSV4kkpwnq31M3ZXpcBKWA6iT4Rnn1yfZZ,3525
TVFDiRhx8B73BzMmJVripJagJsLqJJVATT,3543
TK5McedC5jDURDjGf8Xu3AhFGxLBEoJeqq,3589
TVFDiRhx8B73BzMmJVripJagJsLqJJVATT,3543
TVFDiRhx8B73BzMmJVripJagJsLqJJVATT,3543
TVFDiRhx8B73BzMmJVripJagJsLqJJVATT,3543
TK5McedC5jDURDjGf8Xu3AhFGxLBEoJeqq,3589
TK5McedC5jDURDjGf8Xu3AhFGxLBEoJeqq,3589
TK5McedC5jDURDjGf8Xu3AhFGxLBEoJeqq,3589
TK5McedC5jDURDjGf8Xu3AhFGxLBEoJeqq,3589
TTH7zKzH8MBT3i6mXmavdGBykfx2HfFwRR,3728
TTH7zKzH8MBT3i6mXmavdGBykfx2HfFwRR,3728
TTH7zKzH8MBT3i6mXmavdGBykfx2HfFwRR,3728
TTH7zKzH8MBT3i6mXmavdGBykfx2HfFwRR,3728
TTH7zKzH8MBT3i6mXmavdGBykfx2HfFwRR,3728
TVE4MHAY77QD6Rq2wwd4Gjqzs8HWhcVp33,3840
TM4o9DFg2ZHLzzRKYPymrRPRA7cKffHc11,3882
TVE4MHAY77QD6Rq2wwd4Gjqzs8HWhcVp33,3840
TVE4MHAY77QD6Rq2wwd4Gjqzs8HWhcVp33,3840
TVE4MHAY77QD6Rq2wwd4Gjqzs8HWhcVp33,3840
TVE4MHAY77QD6Rq2wwd4Gjqzs8HWhcVp33,3840
TM4o9DFg2ZHLzzRKYPymrRPRA7cKffHc11,3882
TM4o9DFg2ZHLzzRKYPymrRPRA7cKffHc11,3882
TM4o9DFg2ZHLzzRKYPymrRPRA7cKffHc11,3882
TM4o9DFg2ZHLzzRKYPymrRPRA7cKffHc11,3882
TU66hbbaYGdair7447fsyW5oC6ZuxEpxgg,3993
TU66hbbaYGdair7447fsyW5oC6ZuxEpxgg,3993
TU66hbbaYGdair7447fsyW5oC6ZuxEpxgg,3993
TL3B9MfuQ7QZdjP5uP5wQ26b6TkfPHyTWW,4055
TU66hbbaYGdair7447fsyW5oC6ZuxEpxgg,3993
TKUE5mYn4H9bXhbu6DM6BGpwSp8fNPQ5ss,4062
TU66hbbaYGdair7447fsyW5oC6ZuxEpxgg,3993
TL3B9MfuQ7QZdjP5uP5wQ26b6TkfPHyTWW,4055
TL3B9MfuQ7QZdjP5uP5wQ26b6TkfPHyTWW,4055
TL3B9MfuQ7QZdjP5uP5wQ26b6TkfPHyTWW,4055
TKUE5mYn4H9bXhbu6DM6BGpwSp8fNPQ5ss,4062
TKUE5mYn4H9bXhbu6DM6BGpwSp8fNPQ5ss,4062
TKUE5mYn4H9bXhbu6DM6BGpwSp8fNPQ5ss,4062
TL3B9MfuQ7QZdjP5uP5wQ26b6TkfPHyTWW,4055
TKUE5mYn4H9bXhbu6DM6BGpwSp8fNPQ5ss,4062
TDCKPK2hjCjFudvWjgjnxDzwEpY6JW6uNN,4154
TDCKPK2hjCjFudvWjgjnxDzwEpY6JW6uNN,4154
TDCKPK2hjCjFudvWjgjnxDzwEpY6JW6uNN,4154
TDCKPK2hjCjFudvWjgjnxDzwEpY6JW6uNN,4154
TDCKPK2hjCjFudvWjgjnxDzwEpY6JW6uNN,4154
TLdtwGYzxugxaREgSscZSqxN3t4afhzPRR,4278
TCzXWy1xfyTsLgUBSRTKFC7z9AaJ2MeGZZ,4304
TXrRGHLXi8HxZEewt76q531qHjJrAQ1i77,4308
TLdtwGYzxugxaREgSscZSqxN3t4afhzPRR,4278
TLdtwGYzxugxaREgSscZSqxN3t4afhzPRR,4278
TLdtwGYzxugxaREgSscZSqxN3t4afhzPRR,4278
TCzXWy1xfyTsLgUBSRTKFC7z9AaJ2MeGZZ,4304
TCzXWy1xfyTsLgUBSRTKFC7z9AaJ2MeGZZ,4304
TXrRGHLXi8HxZEewt76q531qHjJrAQ1i77,4308
TXrRGHLXi8HxZEewt76q531qHjJrAQ1i77,4308
TLdtwGYzxugxaREgSscZSqxN3t4afhzPRR,4278
TCzXWy1xfyTsLgUBSRTKFC7z9AaJ2MeGZZ,4304
TXrRGHLXi8HxZEewt76q531qHjJrAQ1i77,4308
TCzXWy1xfyTsLgUBSRTKFC7z9AaJ2MeGZZ,4304
TXrRGHLXi8HxZEewt76q531qHjJrAQ1i77,4308
TABAsGi5CeSvJ6RxdKGQBt5SDdZDtShbrr,4426
TABAsGi5CeSvJ6RxdKGQBt5SDdZDtShbrr,4426
TABAsGi5CeSvJ6RxdKGQBt5SDdZDtShbrr,4426
TAEDUskoWQSDMBxAxXuotTpzK4wg9hCKbb,4484
THf2kShXyE1B3MR2ej22AUFBErj8hw6Jaa,4487
TABAsGi5CeSvJ6RxdKGQBt5SDdZDtShbrr,4426
TMNfDhMyLri2XMK4SdXcEGLQ9GLWeprPQQ,4511
TABAsGi5CeSvJ6RxdKGQBt5SDdZDtShbrr,4426
TJ2H4hR6ZR6vWvdRB9DfciwTWw3HARjyRR,4519
TAEDUskoWQSDMBxAxXuotTpzK4wg9hCKbb,4484
TAEDUskoWQSDMBxAxXuotTpzK4wg9hCKbb,4484
THf2kShXyE1B3MR2ej22AUFBErj8hw6Jaa,4487
THf2kShXyE1B3MR2ej22AUFBErj8hw6Jaa,4487
TFHjera7mmhsbbFsVSJcBt75hD38JBMVTT,4544
TGubNrM5H5wrExZfFcPo9R9DLLkJNqJtuu,4549
TAEDUskoWQSDMBxAxXuotTpzK4wg9hCKbb,4484
THf2kShXyE1B3MR2ej22AUFBErj8hw6Jaa,4487
TMNfDhMyLri2XMK4SdXcEGLQ9GLWeprPQQ,4511
TMNfDhMyLri2XMK4SdXcEGLQ9GLWeprPQQ,4511
TAEDUskoWQSDMBxAxXuotTpzK4wg9hCKbb,4484
TJ2H4hR6ZR6vWvdRB9DfciwTWw3HARjyRR,4519
THf2kShXyE1B3MR2ej22AUFBErj8hw6Jaa,4487
TJ2H4hR6ZR6vWvdRB9DfciwTWw3HARjyRR,4519
TMNfDhMyLri2XMK4SdXcEGLQ9GLWeprPQQ,4511
TLkJ73YQ74ho4Wh7BJU4ayJG7PEPdXQPVV,4582
TJ2H4hR6ZR6vWvdRB9DfciwTWw3HARjyRR,4519
TMNfDhMyLri2XMK4SdXcEGLQ9GLWeprPQQ,4511
TFHjera7mmhsbbFsVSJcBt75hD38JBMVTT,4544
TFHjera7mmhsbbFsVSJcBt75hD38JBMVTT,4544
TGubNrM5H5wrExZfFcPo9R9DLLkJNqJtuu,4549
TJ2H4hR6ZR6vWvdRB9DfciwTWw3HARjyRR,4519
TGubNrM5H5wrExZfFcPo9R9DLLkJNqJtuu,4549
TFHjera7mmhsbbFsVSJcBt75hD38JBMVTT,4544
TGubNrM5H5wrExZfFcPo9R9DLLkJNqJtuu,4549
TFHjera7mmhsbbFsVSJcBt75hD38JBMVTT,4544
TLkJ73YQ74ho4Wh7BJU4ayJG7PEPdXQPVV,4582
TLkJ73YQ74ho4Wh7BJU4ayJG7PEPdXQPVV,4582
TGubNrM5H5wrExZfFcPo9R9DLLkJNqJtuu,4549
TLkJ73YQ74ho4Wh7BJU4ayJG7PEPdXQPVV,4582
TLkJ73YQ74ho4Wh7BJU4ayJG7PEPdXQPVV,4582
TXnwBApaCLJu9GvvhbeocJZnt5nqepyxuu,4736
TXnwBApaCLJu9GvvhbeocJZnt5nqepyxuu,4736
TXnwBApaCLJu9GvvhbeocJZnt5nqepyxuu,4736
TXnwBApaCLJu9GvvhbeocJZnt5nqepyxuu,4736
TXnwBApaCLJu9GvvhbeocJZnt5nqepyxuu,4736
TFwU4oQg9zjHjNGG8YQsP5RntSsU2HWpzz,4894
TFwU4oQg9zjHjNGG8YQsP5RntSsU2HWpzz,4894
TFwU4oQg9zjHjNGG8YQsP5RntSsU2HWpzz,4894
TFwU4oQg9zjHjNGG8YQsP5RntSsU2HWpzz,4894
TGzfmpCxpKFV6iahtktymixj3Q5A6QET22,4977
TFwU4oQg9zjHjNGG8YQsP5RntSsU2HWpzz,4894
TNMr4ZqbEaT8wGGRfba44wsaC2JnqhtTNN,4988
TGzfmpCxpKFV6iahtktymixj3Q5A6QET22,4977
TNMr4ZqbEaT8wGGRfba44wsaC2JnqhtTNN,4988
TGzfmpCxpKFV6iahtktymixj3Q5A6QET22,4977
TNMr4ZqbEaT8wGGRfba44wsaC2JnqhtTNN,4988
TF8Jmw37SQ2fLC4kWt4gzhRsD8Ufev4ZMM,5032
TFHNMMTP49MxMmkCmJgfPRQ7RQozEqA1aa,5044
TGzfmpCxpKFV6iahtktymixj3Q5A6QET22,4977
TF8Jmw37SQ2fLC4kWt4gzhRsD8Ufev4ZMM,5032
TDAw5RK6vXzUU7Zch8usRz1S1BDCXMSqee,5055
TNMr4ZqbEaT8wGGRfba44wsaC2JnqhtTNN,4988
TGzfmpCxpKFV6iahtktymixj3Q5A6QET22,4977
TFHNMMTP49MxMmkCmJgfPRQ7RQozEqA1aa,5044
TF8Jmw37SQ2fLC4kWt4gzhRsD8Ufev4ZMM,5032
TNMr4ZqbEaT8wGGRfba44wsaC2JnqhtTNN,4988
TJkLp7NuMFn5kK6RtrrZ4pJ8HYyCVUsFee,5077
TDAw5RK6vXzUU7Zch8usRz1S1BDCXMSqee,5055
TFHNMMTP49MxMmkCmJgfPRQ7RQozEqA1aa,5044
TDAw5RK6vXzUU7Zch8usRz1S1BDCXMSqee,5055
TJkLp7NuMFn5kK6RtrrZ4pJ8HYyCVUsFee,5077
TF8Jmw37SQ2fLC4kWt4gzhRsD8Ufev4ZMM,5032
TFHNMMTP49MxMmkCmJgfPRQ7RQozEqA1aa,5044
TF8Jmw37SQ2fLC4kWt4gzhRsD8Ufev4ZMM,5032
TJkLp7NuMFn5kK6RtrrZ4pJ8HYyCVUsFee,5077
TDAw5RK6vXzUU7Zch8usRz1S1BDCXMSqee,5055
TFHNMMTP49MxMmkCmJgfPRQ7RQozEqA1aa,5044
TDAw5RK6vXzUU7Zch8usRz1S1BDCXMSqee,5055
TJkLp7NuMFn5kK6RtrrZ4pJ8HYyCVUsFee,5077
TYG9TjjzAxfZwgCbGdYrqpGVyHLrgqW2mm,5159
TJkLp7NuMFn5kK6RtrrZ4pJ8HYyCVUsFee,5077
TYG9TjjzAxfZwgCbGdYrqpGVyHLrgqW2mm,5159
TYG9TjjzAxfZwgCbGdYrqpGVyHLrgqW2mm,5159
TSbgCkzd1VvHo3XVkN7bJmuXmZ111A3bJJ,5212
TYG9TjjzAxfZwgCbGdYrqpGVyHLrgqW2mm,5159
TYG9TjjzAxfZwgCbGdYrqpGVyHLrgqW2mm,5159
TSbgCkzd1VvHo3XVkN7bJmuXmZ111A3bJJ,5212
TPjmKX6Gmhn83MLQuNfsSw7vpKVZJPgcff,5248
TSbgCkzd1VvHo3XVkN7bJmuXmZ111A3bJJ,5212
TPjmKX6Gmhn83MLQuNfsSw7vpKVZJPgcff,5248
TSbgCkzd1VvHo3XVkN7bJmuXmZ111A3bJJ,5212
TSbgCkzd1VvHo3XVkN7bJmuXmZ111A3bJJ,5212
TPjmKX6Gmhn83MLQuNfsSw7vpKVZJPgcff,5248
THym24MdAzmug5E4ejfvRuSg353iDJavtt,5298
TPjmKX6Gmhn83MLQuNfsSw7vpKVZJPgcff,5248
TPjmKX6Gmhn83MLQuNfsSw7vpKVZJPgcff,5248
THym24MdAzmug5E4ejfvRuSg353iDJavtt,5298
THym24MdAzmug5E4ejfvRuSg353iDJavtt,5298
THym24MdAzmug5E4ejfvRuSg353iDJavtt,5298
THym24MdAzmug5E4ejfvRuSg353iDJavtt,5298
TWYcUwTQNAFFKcDDyWscpMnpwFJeqBjqYY,5489
TWYcUwTQNAFFKcDDyWscpMnpwFJeqBjqYY,5489
TPP9Vx2KYjk9SmLXj1YfX1FrTWZUXb9B55,5523
TWYcUwTQNAFFKcDDyWscpMnpwFJeqBjqYY,5489
TSG9xJx8TwqwgfPEih4rJf8zmZLAUy3UVV,5551
TPP9Vx2KYjk9SmLXj1YfX1FrTWZUXb9B55,5523
TWYcUwTQNAFFKcDDyWscpMnpwFJeqBjqYY,5489
TWYcUwTQNAFFKcDDyWscpMnpwFJeqBjqYY,5489
TPP9Vx2KYjk9SmLXj1YfX1FrTWZUXb9B55,5523
TSG9xJx8TwqwgfPEih4rJf8zmZLAUy3UVV,5551
TSG9xJx8TwqwgfPEih4rJf8zmZLAUy3UVV,5551
TPP9Vx2KYjk9SmLXj1YfX1FrTWZUXb9B55,5523
TPP9Vx2KYjk9SmLXj1YfX1FrTWZUXb9B55,5523
TSG9xJx8TwqwgfPEih4rJf8zmZLAUy3UVV,5551
TSG9xJx8TwqwgfPEih4rJf8zmZLAUy3UVV,5551
THmBx3e6jLcU1uJJW5tkdjFV21n4QqYE88,5692
TYjpykWZ4mcrh3RzH89qRnVoZVdWW3yh99,5696
TXWy8KRy7LWc8LwBLNLs9G9qVEFFL1XRZZ,5704
THmBx3e6jLcU1uJJW5tkdjFV21n4QqYE88,5692
TYjpykWZ4mcrh3RzH89qRnVoZVdWW3yh99,5696
TXWy8KRy7LWc8LwBLNLs9G9qVEFFL1XRZZ,5704
THmBx3e6jLcU1uJJW5tkdjFV21n4QqYE88,5692
TYjpykWZ4mcrh3RzH89qRnVoZVdWW3yh99,5696
THmBx3e6jLcU1uJJW5tkdjFV21n4QqYE88,5692
TXWy8KRy7LWc8LwBLNLs9G9qVEFFL1XRZZ,5704
TYjpykWZ4mcrh3RzH89qRnVoZVdWW3yh99,5696
THmBx3e6jLcU1uJJW5tkdjFV21n4QqYE88,5692
TYjpykWZ4mcrh3RzH89qRnVoZVdWW3yh99,5696
TXWy8KRy7LWc8LwBLNLs9G9qVEFFL1XRZZ,5704
TXWy8KRy7LWc8LwBLNLs9G9qVEFFL1XRZZ,5704
TYZFQQPvjWYq91jnqiruHGV3JR5YC6pLxx,5784
TYZFQQPvjWYq91jnqiruHGV3JR5YC6pLxx,5784
TYZFQQPvjWYq91jnqiruHGV3JR5YC6pLxx,5784
TYZFQQPvjWYq91jnqiruHGV3JR5YC6pLxx,5784
TYZFQQPvjWYq91jnqiruHGV3JR5YC6pLxx,5784
TWzpFaefBY6oq9SCx7c3YTnvYYotx3sjuu,5856
TWzpFaefBY6oq9SCx7c3YTnvYYotx3sjuu,5856
TWzpFaefBY6oq9SCx7c3YTnvYYotx3sjuu,5856
TWzpFaefBY6oq9SCx7c3YTnvYYotx3sjuu,5856
TWzpFaefBY6oq9SCx7c3YTnvYYotx3sjuu,5856
TSjSEiCUUmu7AcsiuFz1oJ9khDd5sfX5mm,5926
TSjSEiCUUmu7AcsiuFz1oJ9khDd5sfX5mm,5926
TAdNd7nbu3d4eSfkTFSmmvu63k5gWjfiXX,5972
TSjSEiCUUmu7AcsiuFz1oJ9khDd5sfX5mm,5926
TSjSEiCUUmu7AcsiuFz1oJ9khDd5sfX5mm,5926
TAdNd7nbu3d4eSfkTFSmmvu63k5gWjfiXX,5972
TSjSEiCUUmu7AcsiuFz1oJ9khDd5sfX5mm,5926
THirXug7oLwfyfLoGkyYtsrr78JB4qC1bb,6003
TG2Q4S7JzRzYYT3bvSPc49znatxHMN6Drr,6005
THirXug7oLwfyfLoGkyYtsrr78JB4qC1bb,6003
TG2Q4S7JzRzYYT3bvSPc49znatxHMN6Drr,6005
TLQTPomr85b4nr8gBCRvXj1eTGTmtGbKjj,6018
TAdNd7nbu3d4eSfkTFSmmvu63k5gWjfiXX,5972
TLQTPomr85b4nr8gBCRvXj1eTGTmtGbKjj,6018
TAdNd7nbu3d4eSfkTFSmmvu63k5gWjfiXX,5972
TAdNd7nbu3d4eSfkTFSmmvu63k5gWjfiXX,5972
THirXug7oLwfyfLoGkyYtsrr78JB4qC1bb,6003
THirXug7oLwfyfLoGkyYtsrr78JB4qC1bb,6003
TG2Q4S7JzRzYYT3bvSPc49znatxHMN6Drr,6005
TG2Q4S7JzRzYYT3bvSPc49znatxHMN6Drr,6005
THirXug7oLwfyfLoGkyYtsrr78JB4qC1bb,6003
TG2Q4S7JzRzYYT3bvSPc49znatxHMN6Drr,6005
TLQTPomr85b4nr8gBCRvXj1eTGTmtGbKjj,6018
TLQTPomr85b4nr8gBCRvXj1eTGTmtGbKjj,6018
TV8MQ7vQU2m6Q2oAkxqeZ1gjuaDT2eS6GG,6074
TV8MQ7vQU2m6Q2oAkxqeZ1gjuaDT2eS6GG,6074
TLQTPomr85b4nr8gBCRvXj1eTGTmtGbKjj,6018
TEaFtLFZnRngVVaQzXsTRGwDWJkQe2zp99,6106
TEaFtLFZnRngVVaQzXsTRGwDWJkQe2zp99,6106
TV8MQ7vQU2m6Q2oAkxqeZ1gjuaDT2eS6GG,6074
TV8MQ7vQU2m6Q2oAkxqeZ1gjuaDT2eS6GG,6074
TV8MQ7vQU2m6Q2oAkxqeZ1gjuaDT2eS6GG,6074
TEaFtLFZnRngVVaQzXsTRGwDWJkQe2zp99,6106
TEaFtLFZnRngVVaQzXsTRGwDWJkQe2zp99,6106
TEaFtLFZnRngVVaQzXsTRGwDWJkQe2zp99,6106
TFBg7KJhnueEsUSXHqFFfrd6NUcsTYkfzz,6212
TFBg7KJhnueEsUSXHqFFfrd6NUcsTYkfzz,6212
TSZmpJ4v1Yccp3naSwWTuBqof7xCLM1Bcc,6265
TFBg7KJhnueEsUSXHqFFfrd6NUcsTYkfzz,6212
TFBg7KJhnueEsUSXHqFFfrd6NUcsTYkfzz,6212
TY1acu8LeaddUVXNUVmmjCqsob79py8bhh,6279
TSZmpJ4v1Yccp3naSwWTuBqof7xCLM1Bcc,6265
TFBg7KJhnueEsUSXHqFFfrd6NUcsTYkfzz,6212
TY1acu8LeaddUVXNUVmmjCqsob79py8bhh,6279
TRRqR5YtV4XKMxHuoWWfuxGgSCSsYugSXX,6325
TSZmpJ4v1Yccp3naSwWTuBqof7xCLM1Bcc,6265
TSZmpJ4v1Yccp3naSwWTuBqof7xCLM1Bcc,6265
TSZmpJ4v1Yccp3naSwWTuBqof7xCLM1Bcc,6265
TY1acu8LeaddUVXNUVmmjCqsob79py8bhh,6279
TY1acu8LeaddUVXNUVmmjCqsob79py8bhh,6279
TRRqR5YtV4XKMxHuoWWfuxGgSCSsYugSXX,6325
TY1acu8LeaddUVXNUVmmjCqsob79py8bhh,6279
TAbwrbZ66an5D5BHFKuuHgkX6JgmQQGD11,6383
TRRqR5YtV4XKMxHuoWWfuxGgSCSsYugSXX,6325
TRRqR5YtV4XKMxHuoWWfuxGgSCSsYugSXX,6325
TCdH23oWUeYZ5u4RG2wRrr9ZRUGxV6Vskk,6398
TAbwrbZ66an5D5BHFKuuHgkX6JgmQQGD11,6383
TRRqR5YtV4XKMxHuoWWfuxGgSCSsYugSXX,6325
TCdH23oWUeYZ5u4RG2wRrr9ZRUGxV6Vskk,6398
TAbwrbZ66an5D5BHFKuuHgkX6JgmQQGD11,6383
TAbwrbZ66an5D5BHFKuuHgkX6JgmQQGD11,6383
TCdH23oWUeYZ5u4RG2wRrr9ZRUGxV6Vskk,6398
TCdH23oWUeYZ5u4RG2wRrr9ZRUGxV6Vskk,6398
TAbwrbZ66an5D5BHFKuuHgkX6JgmQQGD11,6383
TCdH23oWUeYZ5u4RG2wRrr9ZRUGxV6Vskk,6398
TKGWPuhBbtsN2Dabv9AMMr3BUG4vopiudd,6497
TB1qXos4N572Bb1qaM8vwAnovMA8p4Qajj,6503
TKGWPuhBbtsN2Dabv9AMMr3BUG4vopiudd,6497
TB1qXos4N572Bb1qaM8vwAnovMA8p4Qajj,6503
TPnAnL6DTUHAceYiCW6HQ9A4oa2hoWN4ee,6552
TKGWPuhBbtsN2Dabv9AMMr3BUG4vopiudd,6497
TKGWPuhBbtsN2Dabv9AMMr3BUG4vopiudd,6497
TB1qXos4N572Bb1qaM8vwAnovMA8p4Qajj,6503
TB1qXos4N572Bb1qaM8vwAnovMA8p4Qajj,6503
TPnAnL6DTUHAceYiCW6HQ9A4oa2hoWN4ee,6552
TKGWPuhBbtsN2Dabv9AMMr3BUG4vopiudd,6497
TB1qXos4N572Bb1qaM8vwAnovMA8p4Qajj,6503
TPnAnL6DTUHAceYiCW6HQ9A4oa2hoWN4ee,6552
TPnAnL6DTUHAceYiCW6HQ9A4oa2hoWN4ee,6552
TUB1bZa9xaDVBaGiwqbott3AMeatj8XyFF,6622
TUB1bZa9xaDVBaGiwqbott3AMeatj8XyFF,6622
TPnAnL6DTUHAceYiCW6HQ9A4oa2hoWN4ee,6552
TUB1bZa9xaDVBaGiwqbott3AMeatj8XyFF,6622
TUB1bZa9xaDVBaGiwqbott3AMeatj8XyFF,6622
TUB1bZa9xaDVBaGiwqbott3AMeatj8XyFF,6622
TCUhaRTC2d6JDT3LnvfwGUEx1GjC3Tfprr,6741
TCUhaRTC2d6JDT3LnvfwGUEx1GjC3Tfprr,6741
TXmGWgKoy6CMTgiUtnuLGwSEL3ybDwnE44,6770
TXmGWgKoy6CMTgiUtnuLGwSEL3ybDwnE44,6770
TCUhaRTC2d6JDT3LnvfwGUEx1GjC3Tfprr,6741
TCUhaRTC2d6JDT3LnvfwGUEx1GjC3Tfprr,6741
TXmGWgKoy6CMTgiUtnuLGwSEL3ybDwnE44,6770
TXmGWgKoy6CMTgiUTXP9NfsTCKEf5LP6fVPBZ614qziysg3ECC,6938
TXP9NfsTCKEf5LP6fVPBZ614qziysg3ECC,6938
TXP9NfsTCKEf5LP6fVPBZ614qziysg3ECC,6938
TXP9NfsTCKEf5LP6fVPBZ614qziysg3ECC,6938
TXP9NfsTCKEf5LP6fVPBZ614qziysg3ECC,6938
TTaPbEbGahSgzwRHtmuBiAoSSxTpMthCNN,7030
TTaPbEbGahSgzwRHtmuBiAoSSxTpMthCNN,7030
TTaPbEbGahSgzwRHtmuBiAoSSxTpMthCNN,7030
TTaPbEbGahSgzwRHtmuBiAoSSxTpMthCNN,7030
TTaPbEbGahSgzwRHtmuBiAoSSxTpMthCNN,7030
TUHkJzwAdHgX6H72YLgbABCZcpyLsKXnQQ,7100
TUHkJzwAdHgX6H72YLgbABCZcpyLsKXnQQ,7100
TUHkJzwAdHgX6H72YLgbABCZcpyLsKXnQQ,7100
TUHkJzwAdHgX6H72YLgbABCZcpyLsKXnQQ,7100
TUHkJzwAdHgX6H72YLgbABCZcpyLsKXnQQ,7100
TY47CkU9EoLzSPYfnpRMW82SjFsjMXiNKK,7146
TY47CkU9EoLzSPYfnpRMW82SjFsjMXiNKK,7146
TY47CkU9EoLzSPYfnpRMW82SjFsjMXiNKK,7146
TY47CkU9EoLzSPYfnpRMW82SjFsjMXiNKK,7146
TY47CkU9EoLzSPYfnpRMW82SjFsjMXiNKK,7146
TG1B32C1EbvMB64drxRifCwYrikScNqpaa,7201
TG1B32C1EbvMB64drxRifCwYrikScNqpaa,7201
TG1B32C1EbvMB64drxRifCwYrikScNqpaa,7201
TPaEaurm2Z5FPA9gcEJ9XdwwHPVQikagMM,7209
TG1B32C1EbvMB64drxRifCwYrikScNqpaa,7201
TG1B32C1EbvMB64drxRifCwYrikScNqpaa,7201
TPaEaurm2Z5FPA9gcEJ9XdwwHPVQikagMM,7209
TPaEaurm2Z5FPA9gcEJ9XdwwHPVQikagMM,7209
TPaEaurm2Z5FPA9gcEJ9XdwwHPVQikagMM,7209
TPaEaurm2Z5FPA9gcEJ9XdwwHPVQikagMM,7209
TYKQvs12pL3tdaiRWaQGWsckGd18hsG5oo,7232
TYKQvs12pL3tdaiRWaQGWsckGd18hsG5oo,7232
TYKQvs12pL3tdaiRWaQGWsckGd18hsG5oo,7232
TYKQvs12pL3tdaiRWaQGWsckGd18hsG5oo,7232
TYKQvs12pL3tdaiRWaQGWsckGd18hsG5oo,7232
TL5N4McW8Xz9zPD55DELervgwEMQ83ELgg,7322
TL5N4McW8Xz9zPD55DELervgwEMQ83ELgg,7322
TL5N4McW8Xz9zPD55DELervgwEMQ83ELgg,7322
TL5N4McW8Xz9zPD55DELervgwEMQ83ELgg,7322
TL5N4McW8Xz9zPD55DELervgwEMQ83ELgg,7322
TMBVbT9bcjvnmtRYbWX3BoByweT7MUEjbb,7380
TB2yr2LpAzvNJ5Z3EsvpX8YW7cksG9ZJss,7388
TMBVbT9bcjvnmtRYbWX3BoByweT7MUEjbb,7380
TMBVbT9bcjvnmtRYbWX3BoByweT7MUEjbb,7380
TMBVbT9bcjvnmtRYbWX3BoByweT7MUEjbb,7380
TB2yr2LpAzvNJ5Z3EsvpX8YW7cksG9ZJss,7388
TMBVbT9bcjvnmtRYbWX3BoByweT7MUEjbb,7380
TB2yr2LpAzvNJ5Z3EsvpX8YW7cksG9ZJss,7388
TB2yr2LpAzvNJ5Z3EsvpX8YW7cksG9ZJss,7388
TB2yr2LpAzvNJ5Z3EsvpX8YW7cksG9ZJss,7388
TWLYeLW8pBfm474bn1KQ7vHCqEfxTHYzCC,7449
TWLYeLW8pBfm474bn1KQ7vHCqEfxTHYzCC,7449
TWLYeLW8pBfm474bn1KQ7vHCqEfxTHYzCC,7449
TWLYeLW8pBfm474bn1KQ7vHCqEfxTHYzCC,7449
TWLYeLW8pBfm474bn1KQ7vHCqEfxTHYzCC,7449
TMvLWy2nfkrDbV6FjhJ99sY6ZTr7cPMsQQ,7465
TMvLWy2nfkrDbV6FjhJ99sY6ZTr7cPMsQQ,7465
TMvLWy2nfkrDbV6FjhJ99sY6ZTr7cPMsQQ,7465
TMvLWy2nfkrDbV6FjhJ99sY6ZTr7cPMsQQ,7465
TMvLWy2nfkrDbV6FjhJ99sY6ZTr7cPMsQQ,7465
TTgbsyHHJqNjoc8qVmgJaq6cnsrpzsy5mm,7559
TTgbsyHHJqNjoc8qVmgJaq6cnsrpzsy5mm,7559
TTgbsyHHJqNjoc8qVmgJaq6cnsrpzsy5mm,7559
TTgbsyHHJqNjoc8qVmgJaq6cnsrpzsy5mm,7559
TTgbsyHHJqNjoc8qVmgJaq6cnsrpzsy5mm,7559
TBJgBCxGhSkm3J9kCqEzHmacxYjrzzu2yy,7667
TBJgBCxGhSkm3J9kCqEzHmacxYjrzzu2yy,7667
TBJgBCxGhSkm3J9kCqEzHmacxYjrzzu2yy,7667
TBJgBCxGhSkm3J9kCqEzHmacxYjrzzu2yy,7667
TBJgBCxGhSkm3J9kCqEzHmacxYjrzzu2yy,7667
TU7kuYe3ZUnTktwujxTQCxr4dSstmMfsPP,7709
TU7kuYe3ZUnTktwujxTQCxr4dSstmMfsPP,7709
TAhLrgs99GU6tYheexNhegAVkaMvimwx77,7723
TU7kuYe3ZUnTktwujxTQCxr4dSstmMfsPP,7709
TU7kuYe3ZUnTktwujxTQCxr4dSstmMfsPP,7709
TAhLrgs99GU6tYheexNhegAVkaMvimwx77,7723
TU7kuYe3ZUnTktwujxTQCxr4dSstmMfsPP,7709
TAhLrgs99GU6tYheexNhegAVkaMvimwx77,7723
TAhLrgs99GU6tYheexNhegAVkaMvimwx77,7723
TAhLrgs99GU6tYheexNhegAVkaMvimwx77,7723
TGHfGwYyQ4nm2Y9aMAinkRE32HM4hbGYUU,7774
TGHfGwYyQ4nm2Y9aMAinkRE32HM4hbGYUU,7774
TGHfGwYyQ4nm2Y9aMAinkRE32HM4hbGYUU,7774
TGHfGwYyQ4nm2Y9aMAinkRE32HM4hbGYUU,7774
TGHfGwYyQ4nm2Y9aMAinkRE32HM4hbGYUU,7774
TDxcJr3aRPx75z7Riysiwm2FsrRH9hjjQQ,7834
TEbqYMmSdGJWi5ccib3dZdmbmAeYoHiSBB,7839
TDxcJr3aRPx75z7Riysiwm2FsrRH9hjjQQ,7834
TDxcJr3aRPx75z7Riysiwm2FsrRH9hjjQQ,7834
TPrF7MjMhLcxzDXAu5xjyx2CRvJk61Giee,7848
TEbqYMmSdGJWi5ccib3dZdmbmAeYoHiSBB,7839
TEbqYMmSdGJWi5ccib3dZdmbmAeYoHiSBB,7839
TDxcJr3aRPx75z7Riysiwm2FsrRH9hjjQQ,7834
TPrF7MjMhLcxzDXAu5xjyx2CRvJk61Giee,7848
TPrF7MjMhLcxzDXAu5xjyx2CRvJk61Giee,7848
TDxcJr3aRPx75z7Riysiwm2FsrRH9hjjQQ,7834
TEbqYMmSdGJWi5ccib3dZdmbmAeYoHiSBB,7839
TEbqYMmSdGJWi5ccib3dZdmbmAeYoHiSBB,7839
TCANsN9Fwtg7nxapFiVBYPfvGSAznaoovv,7869
TPrF7MjMhLcxzDXAu5xjyx2CRvJk61Giee,7848
TPrF7MjMhLcxzDXAu5xjyx2CRvJk61Giee,7848
TCANsN9Fwtg7nxapFiVBYPfvGSAznaoovv,7869
TCANsN9Fwtg7nxapFiVBYPfvGSAznaoovv,7869
TCANsN9Fwtg7nxapFiVBYPfvGSAznaoovv,7869
TCANsN9Fwtg7nxapFiVBYPfvGSAznaoovv,7869
TB6yVn3T5NA9WLLXsW4QZrLPdz1fSJys99,8085
TQwEECtUVVxpnW5GsDzxtvu1sM4kriYRaa,8089
TB6yVn3T5NA9WLLXsW4QZrLPdz1fSJys99,8085
TB6yVn3T5NA9WLLXsW4QZrLPdz1fSJys99,8085
TQwEECtUVVxpnW5GsDzxtvu1sM4kriYRaa,8089
TQwEECtUVVxpnW5GsDzxtvu1sM4kriYRaa,8089
TB6yVn3T5NA9WLLXsW4QZrLPdz1fSJys99,8085
TB6yVn3T5NA9WLLXsW4QZrLPdz1fSJys99,8085
TQwEECtUVVxpnW5GsDzxtvu1sM4kriYRaa,8089
TQwEECtUVVxpnW5GsDzxtvu1sM4kriYRaa,8089
TLPwqGkere2NtAiRfgV9XV4XFgs2nRSUyy,8150
TLPwqGkere2NtAiRfgV9XV4XFgs2nRSUyy,8150
TLPwqGkere2NtAiRfgV9XV4XFgs2nRSUyy,8150
TLPwqGkere2NtAiRfgV9XV4XFgs2nRSUyy,8150
TAXKEt4FTomrY96mcxzZ4jdxNjPP36zQ11,8158
TAXKEt4FTomrY96mcxzZ4jdxNjPP36zQ11,8158
TAXKEt4FTomrY96mcxzZ4jdxNjPP36zQ11,8158
TAXKEt4FTomrY96mcxzZ4jdxNjPP36zQ11,8158
TLPwqGkere2NtAiRfgV9XV4XFgs2nRSUyy,8150
TAXKEt4FTomrY96mcxzZ4jdxNjPP36zQ11,8158
TAxz4G87Ba4hEGJ3vtqJxQGJrx1LurjNPP,8175
TAxz4G87Ba4hEGJ3vtqJxQGJrx1LurjNPP,8175
TAxz4G87Ba4hEGJ3vtqJxQGJrx1LurjNPP,8175
TAxz4G87Ba4hEGJ3vtqJxQGJrx1LurjNPP,8175
TAxz4G87Ba4hEGJ3vtqJxQGJrx1LurjNPP,8175
TJQKRj7ccHTt76TkHeY38bYLaA7oE1VEmm,8211
TJQKRj7ccHTt76TkHeY38bYLaA7oE1VEmm,8211
TJQKRj7ccHTt76TkHeY38bYLaA7oE1VEmm,8211
TJQKRj7ccHTt76TkHeY38bYLaA7oE1VEmm,8211
TJQKRj7ccHTt76TkHeY38bYLaA7oE1VEmm,8211
TSJRhhM899iieC4xs1PMYpZ9t3kBL7zuKK,8445
TSJRhhM899iieC4xs1PMYpZ9t3kBL7zuKK,8445
TSJRhhM899iieC4xs1PMYpZ9t3kBL7zuKK,8445
TSJRhhM899iieC4xs1PMYpZ9t3kBL7zuKK,8445
TSJRhhM899iieC4xs1PMYpZ9t3kBL7zuKK,8445
TBvxkJaz8NNKRGpxUiEGacLfvNq9BbPHWW,8545
TBvxkJaz8NNKRGpxUiEGacLfvNq9BbPHWW,8545
TGt6A3jvRZcgUF9snz8pB3dQDFZwyoRcCC,8575
TBvxkJaz8NNKRGpxUiEGacLfvNq9BbPHWW,8545
TBvxkJaz8NNKRGpxUiEGacLfvNq9BbPHWW,8545
TKj9TTuTTZ7tw39a3RMy4L1eETeKKGDY77,8592
TBvxkJaz8NNKRGpxUiEGacLfvNq9BbPHWW,8545
TVHUGASckLGPStxiDctQxeZtn2XJ7spvww,8602
TGt6A3jvRZcgUF9snz8pB3dQDFZwyoRcCC,8575
TGt6A3jvRZcgUF9snz8pB3dQDFZwyoRcCC,8575
TGt6A3jvRZcgUF9snz8pB3dQDFZwyoRcCC,8575
TKj9TTuTTZ7tw39a3RMy4L1eETeKKGDY77,8592
TV3JRu9UmfdquS3cWmiFPvVrcfABWxTm55,8622
TKj9TTuTTZ7tw39a3RMy4L1eETeKKGDY77,8592
TGt6A3jvRZcgUF9snz8pB3dQDFZwyoRcCC,8575
TKj9TTuTTZ7tw39a3RMy4L1eETeKKGDY77,8592
TVHUGASckLGPStxiDctQxeZtn2XJ7spvww,8602
TVHUGASckLGPStxiDctQxeZtn2XJ7spvww,8602
TVHUGASckLGPStxiDctQxeZtn2XJ7spvww,8602
TKg6QbmnM2swgUWGcq7GtL9urmsstpDiss,8641
TKj9TTuTTZ7tw39a3RMy4L1eETeKKGDY77,8592
TSuCwpZp9viyFJbP6aGuxs44cXaazbZZSS,8649
TVHUGASckLGPStxiDctQxeZtn2XJ7spvww,8602
TV3JRu9UmfdquS3cWmiFPvVrcfABWxTm55,8622
TV3JRu9UmfdquS3cWmiFPvVrcfABWxTm55,8622
TV3JRu9UmfdquS3cWmiFPvVrcfABWxTm55,8622
TKg6QbmnM2swgUWGcq7GtL9urmsstpDiss,8641
TV3JRu9UmfdquS3cWmiFPvVrcfABWxTm55,8622
TKg6QbmnM2swgUWGcq7GtL9urmsstpDiss,8641
TKg6QbmnM2swgUWGcq7GtL9urmsstpDiss,8641
TSuCwpZp9viyFJbP6aGuxs44cXaazbZZSS,8649
TSuCwpZp9viyFJbP6aGuxs44cXaazbZZSS,8649
TSuCwpZp9viyFJbP6aGuxs44cXaazbZZSS,8649
TBnmbCzwdf8sJUj8fi5jCb3ShqwFWCQbpp,8691
TKg6QbmnM2swgUWGcq7GtL9urmsstpDiss,8641
TSuCwpZp9viyFJbP6aGuxs44cXaazbZZSS,8649
TBnmbCzwdf8sJUj8fi5jCb3ShqwFWCQbpp,8691
TBnmbCzwdf8sJUj8fi5jCb3ShqwFWCQbpp,8691
TBnmbCzwdf8sJUj8fi5jCb3ShqwFWCQbpp,8691
TBnmbCzwdf8sJUj8fi5jCb3ShqwFWCQbpp,8691
TRHPoJvQPvgRiLZBkDKQU9haLFoxwupX33,8802
TRspaEvMSbbooTBaLKxE62LqHxPWefBSnn,8813
TRHPoJvQPvgRiLZBkDKQU9haLFoxwupX33,8802
TEttjQGwZLKYN2sdXtNVegTyBWbmh6myaa,8833
TRHPoJvQPvgRiLZBkDKQU9haLFoxwupX33,8802
TRHPoJvQPvgRiLZBkDKQU9haLFoxwupX33,8802
TRspaEvMSbbooTBaLKxE62LqHxPWefBSnn,8813
TRspaEvMSbbooTBaLKxE62LqHxPWefBSnn,8813
TRspaEvMSbbooTBaLKxE62LqHxPWefBSnn,8813
TRHPoJvQPvgRiLZBkDKQU9haLFoxwupX33,8802
TYzGbpbJr3V2dFTBeXwwWZkyd3FYgwjoyy,8860
TRspaEvMSbbooTBaLKxE62LqHxPWefBSnn,8813
TEttjQGwZLKYN2sdXtNVegTyBWbmh6myaa,8833
TEttjQGwZLKYN2sdXtNVegTyBWbmh6myaa,8833
TEttjQGwZLKYN2sdXtNVegTyBWbmh6myaa,8833
TEttjQGwZLKYN2sdXtNVegTyBWbmh6myaa,8833
TYzGbpbJr3V2dFTBeXwwWZkyd3FYgwjoyy,8860
TYzGbpbJr3V2dFTBeXwwWZkyd3FYgwjoyy,8860
TYzGbpbJr3V2dFTBeXwwWZkyd3FYgwjoyy,8860
TYzGbpbJr3V2dFTBeXwwWZkyd3FYgwjoyy,8860
TBoccgnieja1J6mr6Fnk4PXZuYD2v84Rcc,8937
TBoccgnieja1J6mr6Fnk4PXZuYD2v84Rcc,8937
TBoccgnieja1J6mr6Fnk4PXZuYD2v84Rcc,8937
TBoccgnieja1J6mr6Fnk4PXZuYD2v84Rcc,8937
TBoccgnieja1J6mr6Fnk4PXZuYD2v84R